date,closest_ims,rain_mm,wind_ms,temp_deg,rain_morning,wind_morning,temp_morning
2020-11-24,186,0,1.61,17.3,0,1.26,14.2
2020-11-24,205,0,3.64,16.9,0,4.18,14.7
2020-11-24,259,0,1.49,17.9,0,1.01,16.4
2020-11-24,42,0,5.41,16.5,0,5.69,15.3
2020-11-24,44,0,2.43,18.5,0,2.15,16.2
2020-11-24,54,0,1.28,18.3,0,1.07,14.9
2020-11-24,67,0,4.42,16.9,0,4.75,14.6
2020-11-24,78,0,1.38,16.9,0,0.821,13.9
2020-11-25,186,4.2,1.49,17.6,0,0.992,15.1
2020-11-25,205,4.9,3.33,17.4,0,3.67,16.4
2020-11-25,259,12.1,2.8,16.4,0,2.94,14.2
2020-11-25,42,12.5,2.91,17.4,0,2.18,17.2
2020-11-25,44,13.4,1.94,18.4,0,1.58,16.7
2020-11-25,54,3.5,2.17,17.3,0,1.49,14.6
2020-11-25,67,6.8,2.82,17.6,0,1.8,16.8
2020-11-25,78,2.6,1.43,17.6,0,1.31,15.2
2020-11-26,186,39,2.39,14.5,11,2.59,14.1
2020-11-26,205,40.4,2.49,12.8,28.3,2.65,12.3
2020-11-26,259,31.8,4.61,14.1,18.9,5.97,13.1
2020-11-26,44,28.8,2.99,15.7,15.3,3.22,16
2020-11-26,54,13.3,3.66,15.9,0.1,4.83,16.5
2020-11-26,67,65.1,4.48,13.5,27.1,5.11,13
2020-11-26,78,44.3,2.99,15.5,10.9,3.05,15
2020-11-27,186,11.4,1.23,14.9,0.1,1.03,12.7
2020-11-27,205,3.8,3.05,13.5,0.2,3.56,12.1
2020-11-27,259,0.1,1.84,15,0,1.83,13.5
2020-11-27,44,14.4,2.51,16.5,1.3,2.7,15.1
2020-11-27,54,0.1,1.84,16.5,0.1,1.87,14.5
2020-11-27,67,13.1,2.69,14.2,0.6,2.36,12.9
2020-11-27,78,2.2,1.97,15.6,0.5,1.82,14
2020-11-28,186,0.8,1.24,15.1,0.7,1.09,12.7
2020-11-28,205,1.2,4.06,14.6,1.2,4.84,13.6
2020-11-28,259,0,1.93,14.9,0,2.24,13.2
2020-11-28,44,0,3.34,17.7,0,5.1,17.2
2020-11-28,54,13.4,1.38,15.3,7.7,1.47,12.9
2020-11-28,67,0,5.24,14.9,0,6.53,13.6
2020-11-28,78,0,2.39,16.2,0,3.57,14.8
2020-11-29,186,0,0.936,15.6,0,0.6,12.8
2020-11-29,205,0,2.73,14.7,0,3.27,12.9
2020-11-29,259,0.1,2.35,14.8,0.1,2.65,12.4
2020-11-29,44,0,2.27,17.5,0,2.83,16.2
2020-11-29,54,0.1,1.5,16,0.1,1.38,12.8
2020-11-29,67,0,2.89,15.3,0,3.15,13.6
2020-11-29,78,0,1.88,16.1,0,2.42,13.8
2020-11-30,186,0,1.33,15.8,0,0.967,13
2020-11-30,205,0,3.58,15.2,0,4.88,13.4
2020-11-30,259,0,2.53,14.8,0,2.81,12.5
2020-11-30,44,0,1.97,17,0,2.6,15.3
2020-11-30,54,0,1.44,15.9,0,1.21,12.5
2020-11-30,67,0,2.98,15.5,0,3.23,13.4
2020-11-30,78,0,1.49,16.3,0,1.62,14.5
2020-12-01,186,0,1.13,15.7,0,1.01,12.4
2020-12-01,205,0,3.15,15.2,0,3.48,13.1
2020-12-01,259,0,2.51,15.2,0,2.8,12.7
2020-12-01,44,0,1.94,17.4,0,2.34,15.9
2020-12-01,54,0,1.45,15.9,0,1.31,12.3
2020-12-01,67,0,2.45,16,0,2.3,14
2020-12-01,78,0,1.47,15.9,0,0.957,13.2
2020-12-02,186,0,1.61,15.5,0,1.1,12.3
2020-12-02,205,0,2.42,15.6,0,2.59,13.7
2020-12-02,259,0,2.19,14.9,0,2.48,12.3
2020-12-02,44,0,2.4,17.5,0,2.41,15.8
2020-12-02,54,0,1.34,15.9,0,1.38,12.5
2020-12-02,67,0,4.07,15.8,0,4.57,13.7
2020-12-02,78,0,1.9,15.7,0,1.88,13.3
2020-12-03,186,0,2.37,16.1,0,1.47,13.4
2020-12-03,205,0,4.94,15.2,0,4.69,13.4
2020-12-03,259,0,2.44,16.3,0,1.83,14.1
2020-12-03,44,0,4.14,18.4,0,5.14,17.6
2020-12-03,54,0,1.53,16.5,0,1.36,12.9
2020-12-03,67,0,6.59,15.8,0,7.21,14.1
2020-12-03,78,0,3.11,16.8,0,3.47,15.4
2020-12-04,186,0,3,17.6,0,3.64,16.2
2020-12-04,205,0,6.6,15.5,0,6.86,14.2
2020-12-04,259,0,2.99,17.8,0,3.46,16.6
2020-12-04,44,0,4.76,19.3,0,5.83,18.1
2020-12-04,54,0,1.49,16.4,0,1.06,13.1
2020-12-04,67,0,6.79,16,0,7.88,14.3
2020-12-04,78,0,2.91,18.6,0,2.25,17.4
2020-12-05,186,0.6,1.25,16,0.5,1.38,15.2
2020-12-05,205,1.6,3.79,14.6,1.6,4.9,14
2020-12-05,259,0,2.05,15.6,0,2.36,14.8
2020-12-05,44,2.1,2.9,17.6,2.1,3.49,17.1
2020-12-05,54,14.7,1.6,16.2,14.7,1.84,14.7
2020-12-05,67,3.4,4.02,15.1,3.2,4.65,14.2
2020-12-05,78,0.3,2.46,17.2,0.2,2.95,16.6
2020-12-06,186,0,1.13,14.4,0,0.959,12.5
2020-12-06,205,0.5,2.33,13.2,0,3.29,11.9
2020-12-06,259,2.1,3.08,14.9,2.1,3,13.3
2020-12-06,44,8,2.5,15.2,0.3,2.71,14.8
2020-12-06,54,5.6,2.29,15.8,5.6,2.18,13.9
2020-12-06,67,8.3,1.98,14.2,0,1.56,13.2
2020-12-06,78,2.6,1.51,14.9,1.5,1.68,13.5
2020-12-07,186,0,1.31,15.5,0,0.71,13.3
2020-12-07,205,0,3.76,13.8,0,3.58,12.5
2020-12-07,259,0,2.78,15.4,0,2.87,13.1
2020-12-07,42,0,4.49,15,0,5.09,14.1
2020-12-07,44,1.2,2.73,17.4,1.2,2.8,15.9
2020-12-07,54,0,1.6,16.5,0,1.61,13.7
2020-12-07,67,0,2.81,14.6,0,2.23,13
2020-12-07,78,0,1.76,16,0,1.16,14.3
2020-12-08,186,0.1,1.4,15.4,0,0.977,12
2020-12-08,205,0,4.38,15.2,0,5.11,13.5
2020-12-08,259,0,2.53,17.3,0,3.04,16.2
2020-12-08,42,0,4.29,17.2,0,4.8,16.6
2020-12-08,44,0,3.64,19,0,4.27,17.4
2020-12-08,54,0,2.52,16.7,0,2.08,13.1
2020-12-08,67,0,4.34,15.8,0,4.28,13.7
2020-12-08,78,0,2.7,17,0,2.68,14.3
2020-12-09,186,0.1,1.11,16.9,0.1,0.769,14.7
2020-12-09,205,3,3.06,15,2.9,3.31,13.8
2020-12-09,259,0.9,1.96,16.4,0.9,1.97,14.7
2020-12-09,42,3.4,2.89,15.8,1.7,2.86,15.1
2020-12-09,44,0.4,1.75,18.5,0,1.69,17
2020-12-09,54,0.3,2.2,18.6,0.3,1.86,16.1
2020-12-09,67,1.4,2.26,16.3,1.2,2.34,15.4
2020-12-09,78,3.9,1.11,17.3,1.2,1.23,15.6
2020-12-10,186,0,1.66,15.3,0,1.48,12
2020-12-10,205,0,2.96,14.7,0,3.32,12.6
2020-12-10,259,0,2.61,15.2,0,2.68,12.3
2020-12-10,42,0,3.75,15.2,0,4.28,14.2
2020-12-10,44,0,1.96,16.9,0,1.97,14.7
2020-12-10,54,0,1.58,16.1,0,1.26,12.3
2020-12-10,67,0,3.3,15.5,0,3.91,13.1
2020-12-10,78,0.1,1.57,15.2,0.1,1.13,12.6
2020-12-11,186,0,1.6,15,0,0.977,11.8
2020-12-11,205,0,4.55,14.7,0,4.2,13
2020-12-11,259,0,2.75,15.5,0,3.08,12.4
2020-12-11,42,0,3.83,16.2,0,4.45,15.1
2020-12-11,44,0,3.15,17.9,0,3.49,16.3
2020-12-11,54,0,1.7,15.5,0,1.68,11.3
2020-12-11,67,0,3.63,15.3,0,2.95,13.4
2020-12-11,78,0,2.33,16,0,1.67,14.2
2020-12-12,186,0,1.2,14.9,0,1.1,11.4
2020-12-12,205,0,4.97,15.4,0,5.85,13.8
2020-12-12,259,0,2.9,17.8,0,3.08,17.2
2020-12-12,42,0,4.8,17.7,0,4.84,16.9
2020-12-12,44,0,3.64,18.8,0,4.66,17.6
2020-12-12,54,0,1.52,15.2,0,1.71,11.4
2020-12-12,67,0,3.72,15.7,0,4.84,13.7
2020-12-12,78,0,2.8,16.5,0,3.11,14.4
2020-12-13,186,0,0.659,16.1,0,0.557,14
2020-12-13,205,0,4.22,17.1,0,4.73,16.1
2020-12-13,259,0,2.28,18,0,2.39,15.3
2020-12-13,42,0,2.25,18.8,0,1.87,18.2
2020-12-13,44,0,1.87,19.3,0,2.05,18
2020-12-13,54,0,1.1,17.5,0,1.02,14
2020-12-13,67,0,3.57,17.1,0,3.4,15.9
2020-12-13,78,0,2.4,17.7,0,2.74,16.3
2020-12-14,186,13.4,1.27,18.4,0,1.42,17.5
2020-12-14,205,12.6,4.7,18.4,0,6.34,18.2
2020-12-14,259,7.3,4.51,23.8,0,6.92,26.2
2020-12-14,42,1.1,5.04,19.8,0,6.56,21.1
2020-12-14,44,0.6,4.04,22,0,5.7,22.4
2020-12-14,54,5.2,3.38,21.7,0,4.78,23.6
2020-12-14,67,4.7,4.56,18.5,0,5.89,18
2020-12-14,78,0,3.08,21.3,0,4.48,22.1
2020-12-15,186,6.4,3.14,14.6,0.5,2.66,13.8
2020-12-15,205,5.6,4.9,13.1,0.4,4.1,12.7
2020-12-15,259,2,3.94,15.7,0,4.51,14.1
2020-12-15,42,8.6,8.58,13.1,1.6,8.87,12.9
2020-12-15,44,7.7,4.36,16.5,0.7,4.37,15.9
2020-12-15,54,0.4,5.04,17.4,0,4.93,15.7
2020-12-15,67,3,4.56,14.4,0.3,4.69,14
2020-12-15,78,0,4.56,15.5,0,4.4,15.1
2020-12-16,186,118,2.54,14.3,65.6,2.85,13.7
2020-12-16,205,78.6,3.15,11.9,47.8,3.73,11.6
2020-12-16,259,23.6,4.16,14.9,15.9,5.14,14.9
2020-12-16,42,29.5,5.18,12.9,12.6,5.38,12.5
2020-12-16,44,21.6,3.12,16.3,9.3,3.29,15.4
2020-12-16,54,45.5,4.06,16,22,5.14,15.4
2020-12-16,67,68.8,3.76,13.7,44.6,4.33,13
2020-12-17,205,21.3,3.46,12.7,5.3,3.29,12.2
2020-12-17,44,51.7,2.64,15.4,26.1,2.8,14
2020-12-17,67,30.9,3.81,13.7,16.1,3.77,12.8
2020-12-17,78,10.5,2.1,15.5,0,2.21,14.4
2020-12-17,186,64.5,2.03,14.3,38.4,2.15,13.5
2020-12-17,42,51,3.2,12.9,17,3.38,12.4
2020-12-17,259,8.2,2.91,14.1,0.6,2.86,13.4
2020-12-17,54,21.5,2.76,14.9,2.9,2.57,14.1
2020-12-18,44,4.1,2.02,15.4,0.1,2.22,13.8
2020-12-18,186,0.9,1.25,14.2,0.1,1.52,11.9
2020-12-18,78,0.6,1.12,15.1,0.2,0.898,12.8
2020-12-18,42,0.7,2.77,13.9,0,3.05,13.1
2020-12-18,67,0.1,2.23,14,0.1,2.11,12.6
2020-12-18,205,1,2.29,13.2,0.3,2.6,11.5
2020-12-18,259,0.4,1.83,14.5,0.1,1.84,12.6
2020-12-18,54,3.5,1.61,15.6,0.1,1.4,13.4
2020-12-19,44,0,1.28,14.8,0,1.1,13
2020-12-19,186,0,1.33,14.1,0,0.938,11
2020-12-19,78,0,1.5,14.3,0,1.39,11.6
2020-12-19,42,0,3.81,14.2,0,4.59,13
2020-12-19,67,0,3.19,14,0,3.72,11.7
2020-12-19,205,0,2.41,13.8,0,2.9,11.8
2020-12-19,259,0,2.01,13.9,0,1.98,11.4
2020-12-19,54,0,1.41,14.8,0,1.21,10.9
2020-12-20,205,0,4.08,14.6,0,4.91,12.6
2020-12-20,44,0,2.8,16.1,0,3.95,15.4
2020-12-20,67,0,4.62,14.5,0,5.35,12.4
2020-12-20,78,0,1.65,14.8,0,1.43,12.3
2020-12-20,186,0,1.6,14.9,0,0.887,11.9
2020-12-20,42,0,5.67,14.3,0,7.02,13.1
2020-12-20,259,0,2.08,14.1,0,1.83,11.5
2020-12-20,54,0,1.08,14.7,0,0.857,10.7
2020-12-21,205,0,5.13,15,0,6.21,13.4
2020-12-21,44,0,2.93,17.2,0,3.08,16.2
2020-12-21,67,0,5.09,14.7,0,5.48,12.5
2020-12-21,78,0,2.35,15.7,0,2.27,14.3
2020-12-21,186,0,1.54,15.5,0,1.01,12.7
2020-12-21,42,0,6.46,14.8,0,7.5,13.8
2020-12-21,259,0,2,13.9,0,1.95,11
2020-12-21,54,0,1.3,14.5,0,1.12,10.5
2020-12-22,205,0,3.29,14.8,0,2.54,13.4
2020-12-22,44,0,1.41,15,0,1.31,12.6
2020-12-22,67,0,2.64,15.3,0,2,14.2
2020-12-22,78,0,1.07,14.3,0,0.641,11.4
2020-12-22,186,0,1.33,14.6,0,0.887,11.8
2020-12-22,42,0,2.72,15.5,0,2.55,14.7
2020-12-22,259,0,2.51,14,0,2.89,11.6
2020-12-22,54,0,1.46,14.9,0,1.43,11.4
2020-12-23,205,5,2.52,13.8,2.9,1.15,12.9
2020-12-23,44,0,2.23,16.2,0,2.44,15.2
2020-12-23,67,0,2.88,15.1,0,2.26,13.9
2020-12-23,78,1.8,1.22,15.3,1.8,0.948,13.4
2020-12-23,186,9.2,0.958,14.3,6.8,0.669,12.5
2020-12-23,42,10.1,2.76,14.5,7.9,2.54,13.8
2020-12-23,259,0.6,2.43,14.6,0.1,2.45,12.9
2020-12-23,54,0.1,2.07,16.1,0,1.74,13.9
2020-12-24,205,0.4,2.75,13.1,0.4,2.13,11.7
2020-12-24,44,2.1,1.96,16.3,2.1,1.2,14.5
2020-12-24,67,10.8,2.55,14.3,10.8,1.87,13.2
2020-12-24,78,4.7,1.23,15.2,4.7,0.954,13
2020-12-24,186,4.8,1.37,14,4.8,1.17,12.2
2020-12-24,42,2.8,3.35,13.7,2.8,3.45,12.9
2020-12-24,259,6.3,2.21,13.8,5,2.56,12.9
2020-12-24,54,6.4,1.75,16.1,6.3,1.81,14.7
2020-12-25,205,0,4.64,11.4,0,4.9,9.14
2020-12-25,44,0,3.77,14.9,0,4.26,13.2
2020-12-25,67,0,5,11.9,0,5.81,9.5
2020-12-25,78,0,2.3,13.1,0,2.29,11
2020-12-25,186,0,2.08,12.4,0,1.22,9.5
2020-12-25,42,0,5.24,11.8,0,5.88,10.6
2020-12-25,259,0,2.56,13.5,0,2.51,11.3
2020-12-25,54,0,1.61,13.8,0,1.35,9.93
2020-12-26,44,0,6.71,16.4,0,6.49,14.6
2020-12-26,186,0,4.42,14.8,0,4.71,13
2020-12-26,78,0,5.05,15.7,0,5.1,14.6
2020-12-26,42,0,11.3,12.3,0,11.7,10.8
2020-12-26,67,0,9.82,13.1,0,9.29,11
2020-12-26,205,0,8.84,13,0,9.78,11.6
2020-12-26,259,0,7.99,15.7,0,7.81,14.6
2020-12-26,54,0,3.66,15.8,0,3.11,13.5
2020-12-27,205,0,9.62,12.3,0,10.4,10.7
2020-12-27,44,0,8.97,16.1,0,9.21,15
2020-12-27,67,0,11.7,12.5,0,11.5,10.8
2020-12-27,78,0,5.92,15.8,0,5.82,14.7
2020-12-27,186,0,5.2,15.1,0,5.17,13.5
2020-12-27,42,0,14,11.9,0,14.9,11
2020-12-27,259,0,8.67,16.1,0,8.01,15.1
2020-12-27,54,0,3.46,16.4,0,2.93,14.2
2020-12-28,205,0,11,10.8,0,11.6,9.28
2020-12-28,44,0,7.58,14.8,0,7.41,13.4
2020-12-28,67,0,9.79,11.7,0,9.59,9.79
2020-12-28,78,0,6.99,14.5,0,7.52,13.2
2020-12-28,186,0,5.44,14.2,0,5.6,12.7
2020-12-28,42,0,14.8,10.8,0,16,9.82
2020-12-28,259,0,7.86,14.5,0,8.64,12.9
2020-12-28,54,0,2.89,15.1,0,2.69,13
2020-12-29,205,0,6.96,12.2,0,7.55,10.8
2020-12-29,44,0,5.87,15.7,0,6.29,14.3
2020-12-29,67,0,7.17,12.4,0,7.3,10.5
2020-12-29,78,0,4.62,15.6,0,4.7,14.4
2020-12-29,186,0,3.37,14.6,0,2.79,12.4
2020-12-29,42,0,9.07,11.5,0,9.31,10.1
2020-12-29,259,0,2.82,15,0,2.66,12.8
2020-12-29,54,0,1.39,14,0,1.02,9.74
2020-12-30,205,0,6.31,13,0,6.84,11.1
2020-12-30,44,0,5,16.2,0,6.64,15.2
2020-12-30,67,0,7.35,13.3,0,7.3,11.1
2020-12-30,78,0,3.89,15.3,0,3.98,13.7
2020-12-30,186,0,2.6,14.6,0,1.64,12.2
2020-12-30,42,0,9.95,12.9,0,10.8,11.5
2020-12-30,259,0,3.88,16.1,0,3.91,15.2
2020-12-30,54,0,1.84,14.2,0,1.14,9.55
2020-12-31,205,0,7.3,14.1,0,7.17,12.2
2020-12-31,44,0,5.83,17.6,0,7.23,16.3
2020-12-31,67,0,7.59,14.5,0,8.8,12.3
2020-12-31,78,0,3.72,16.9,0,4.28,15.3
2020-12-31,186,0,2.66,16.3,0,2.41,14
2020-12-31,42,0,8.78,13.9,0,10.2,12.5
2020-12-31,259,0,3.86,17.1,0,3.53,15.2
2020-12-31,54,0,1.46,14.9,0,0.843,10.9
2021-01-01,44,0,4.74,18.5,0,5.42,17.3
2021-01-01,186,0,1.73,16,0,1.51,13.5
2021-01-01,78,0,3.17,17.3,0,2.93,16.4
2021-01-01,42,0,6.67,14.5,0,7.29,13.1
2021-01-01,67,0,5.42,15.1,0,5.78,13
2021-01-01,205,0,5.56,15,0,6.43,13.6
2021-01-01,259,0,1.9,14.4,0,1.78,11.8
2021-01-01,54,0,1.31,14.6,0,1.04,10.9
2021-01-02,44,0,3.47,17.5,0,4.49,17.4
2021-01-02,186,0,2.25,16,0,1.66,13.6
2021-01-02,78,0,2.51,17,0,2.57,16.1
2021-01-02,42,0,5.82,14.6,0,5.75,13.3
2021-01-02,67,0,5.08,15,0,4.98,13
2021-01-02,205,0,5.58,15.2,0,6.47,13.8
2021-01-02,259,0,1.79,14.9,0,1.58,12.8
2021-01-02,54,0,1.4,14.9,0,1.08,11.7
2021-01-03,205,0,4.2,16.5,0,4.82,15
2021-01-04,205,0,4.98,15.9,0,4.58,13.9
2021-01-03,44,0,4.1,19.4,0,6.02,19.3
2021-01-04,44,0,5.18,19.5,0,6.36,18.9
2021-01-03,67,0,6.79,16.6,0,7.38,15
2021-01-04,67,0,6.69,16.8,0,7.41,15
2021-01-03,78,0,2.2,17.4,0,2.37,16.4
2021-01-04,78,0,3.25,17.3,0,3.34,15.1
2021-01-03,186,0,1.86,17.4,0,1.5,15.4
2021-01-04,186,0,2.1,17.1,0,1.1,13.8
2021-01-03,42,0,8.42,16,0,9.87,15.3
2021-01-04,42,0,8.28,16.4,0,8.8,15.5
2021-01-03,259,0,1.74,14.1,0,1.44,12.3
2021-01-04,259,0,2.3,15.2,0,1.39,11.9
2021-01-03,54,0,1.27,14.9,0,0.974,12.2
2021-01-04,54,0,1.3,15.4,0,0.985,11.3
2021-01-05,205,0,7.8,16.5,0,8.96,15.3
2021-01-06,205,0,5.3,16.3,0,5.2,14.6
2021-01-05,44,0,5.67,20.1,0,6.47,19
2021-01-06,44,0,4.92,20.3,0,5,18.9
2021-01-05,67,0,7.64,16.5,0,9.05,14.5
2021-01-06,67,0,5.61,16.4,0,5.6,14.4
2021-01-05,78,0,4.44,19.6,0,4.67,18.2
2021-01-06,78,0,3.08,18.7,0,2.87,17
2021-01-05,186,0,3.37,18.2,0,3.77,16.7
2021-01-06,186,0,1.72,17.2,0,1.02,14.2
2021-01-05,42,0,9.24,15.8,0,9.87,14.3
2021-01-06,42,0,6.47,16.3,0,6.47,15.1
2021-01-05,259,0,2.98,18,0,2.87,15.9
2021-01-06,259,0,1.52,15.8,0,1.69,12.5
2021-01-05,54,0,1.47,16.1,0,1.08,12.9
2021-01-06,54,0,1.53,17,0,1.17,14.2
2021-01-07,205,0,5.48,16.7,0,6.39,15.3
2021-01-08,205,0,6.85,15.4,0,7.45,13.8
2021-01-07,44,0,4.8,20.3,0,5.61,19.5
2021-01-08,44,0,4.64,19,0,5.16,17.8
2021-01-07,67,0,5.83,17,0,6.71,15.3
2021-01-08,67,0,6.63,15.6,0,6.7,13.4
2021-01-07,78,0,3.17,19.4,0,3.35,18.2
2021-01-08,78,0,3.59,17.5,0,4.05,16.6
2021-01-07,186,0,2.63,18.5,0,2.65,16.8
2021-01-08,186,0,2.23,16.1,0,1.65,13.3
2021-01-07,42,0,7.01,16.3,0,7.7,15
2021-01-08,42,0,8.46,15.3,0,8.98,13.6
2021-01-07,259,0,2.52,18.9,0,2.7,16.7
2021-01-08,259,0,4.8,19.1,0,6.67,17.7
2021-01-07,54,0,1.45,17,0,0.907,13.4
2021-01-08,54,0,2.04,16.2,0,1.42,11.8
2021-01-01,28,0,4.18,13.7,0,4.26,12
2021-01-02,28,0,3.33,14.4,0,3.18,12.9
2021-01-03,28,0,3.6,14.9,0,3.97,13.3
2021-01-04,28,0,4.78,15.7,0,5.19,13.7
2021-01-05,28,0,4.68,16.2,0,5.95,14.3
2021-01-06,28,0,4.17,15.9,0,4.37,14.1
2021-01-07,28,0,4.57,15.8,0,4.84,13.9
2021-01-08,28,0,5.62,15,0,5.3,13.4
2021-01-09,259,0,4.02,19.2,0,4.56,17.7
2021-01-09,44,0,5.45,19.3,0,6.5,17.8
2021-01-09,186,0,2.77,17.2,0,3.01,15.5
2021-01-09,78,0,4.45,18.9,0,5.6,18.1
2021-01-09,42,0,9.92,15.6,0,10.9,14
2021-01-09,67,0,7.41,15.8,0,7.8,13.6
2021-01-09,205,0,7.42,15.7,0,8.48,13.9
2021-01-09,28,0,5.17,15.3,0,5.95,13.3
2021-01-09,54,0,1.69,15.5,0,1.34,11.2
2021-01-10,205,0,4.37,16.2,0,5.41,13.8
2021-01-10,44,0,4.55,19.9,0,6.3,18.9
2021-01-10,67,0,5.28,16.2,0,6.01,14.2
2021-01-10,78,0,2.5,17.6,0,3.23,15.6
2021-01-10,186,0,1.66,16.5,0,1.19,13.2
2021-01-10,42,0,6.43,16,0,7.27,15
2021-01-10,259,0,1.72,15.9,0,1.58,13.4
2021-01-10,54,0,1.5,15.3,0,1.2,11.3
2021-01-10,28,0,4.38,15.7,0,4.93,14
2021-01-11,205,0,3.4,16.8,0,4.41,14.1
2021-01-11,44,0,1.99,18.5,0,2.7,17.9
2021-01-11,67,0,4.19,16.3,0,4.76,13.9
2021-01-11,78,0,1.73,16.1,0,1.65,13.2
2021-01-11,186,0,1.29,16.1,0,0.81,12.2
2021-01-11,42,0,4.6,17.1,0,5.45,15.9
2021-01-11,259,0,2.08,17.4,0,1.8,15.5
2021-01-11,54,0,1.39,16.1,0,1.07,11.2
2021-01-11,28,0,4.75,15.7,0,5.21,13.6
2021-01-12,205,0,5.76,16.9,0,6.2,14.5
2021-01-12,44,0,3.78,20.5,0,4,19.5
2021-01-12,67,0,4.09,17.2,0,4.44,14.3
2021-01-12,78,0,3.23,18.5,0,3.13,16.8
2021-01-12,186,0,2.01,17.1,0,1.11,13.1
2021-01-12,42,0,4.7,17.9,0,4.55,16.2
2021-01-12,259,0,2.81,18.7,0,3.43,16.2
2021-01-12,54,0,1.85,17.8,0,2.14,13.5
2021-01-12,28,0,3.35,16.8,0,3.08,15
2021-01-13,205,0,5.69,15.8,0,5.81,14.6
2021-01-13,44,0,4.36,20.6,0,4.77,19.7
2021-01-13,67,0,4.23,16.3,0,4.82,15.3
2021-01-13,78,0,2.35,17.8,0,2.19,16.4
2021-01-13,186,0,1.44,15.8,0,1.14,13.4
2021-01-13,42,0,7.32,19,0,6.37,18.7
2021-01-13,259,0,4.46,20.8,0,3.69,19.8
2021-01-13,54,0,3.1,18.3,0,1.82,14.7
2021-01-13,28,0,4.02,17.2,0,4.52,16.3
2021-01-14,205,17.6,4.38,12.2,2.1,3.49,12.1
2021-01-14,44,20.3,2.98,15.8,0.8,3.08,16.4
2021-01-14,67,54,4.75,13.2,0.9,3.79,13.3
2021-01-14,78,13.4,2.28,15.2,2.3,1.9,15
2021-01-14,186,26,2.1,14,3.1,1.84,13.9
2021-01-14,42,20.7,6.11,12.1,5.9,5.76,12.4
2021-01-14,259,26.4,3.65,15.4,4.2,3.65,14.2
2021-01-14,54,20.4,5.08,16.9,6,4.2,16.7
2021-01-14,28,1.8,5.98,11.8,1.7,4.66,10.4
2021-01-15,205,3.9,2.88,11.6,1.5,2.81,10.9
2021-01-15,44,11.5,3.2,15,0.5,3.22,15.4
2021-01-15,67,5.7,3.63,12.2,0.1,3.47,11.5
2021-01-15,78,11.9,2.46,14.9,0.3,1.7,14.9
2021-01-15,186,2.7,1.83,12.7,0.1,1.01,10.5
2021-01-15,42,12.9,5.33,11.7,0.1,5.43,11.7
2021-01-15,259,4.4,3.08,12.4,3.9,3.48,11.6
2021-01-15,54,2.4,3.03,13.8,0.3,3.02,13.3
2021-01-15,28,3.5,3.86,9.42,0.1,3.04,7.7
2021-01-16,205,0.1,3.5,11.1,0,3.64,10.1
2021-01-17,205,55.3,5.07,10.3,29.7,3.24,8.83
2021-01-16,44,0,3.77,14.6,0,3.63,13.6
2021-01-17,44,21.2,4.47,14.6,1.1,4.07,13.8
2021-01-16,67,0,3.46,12.4,0,2.81,10.8
2021-01-17,67,17.6,6.62,12.4,1.2,4.97,11.2
2021-01-16,78,0.3,2.65,13.5,0,2.07,12.1
2021-01-17,78,53.4,3.99,13.6,31.1,4.33,12.4
2021-01-16,186,0,2,12.5,0,0.895,10
2021-01-17,186,22,4.04,12.7,6.5,2.47,11
2021-01-16,42,0.2,6.01,12,0,5.48,11.8
2021-01-17,42,35.3,8.28,11.2,15.2,7.31,10.6
2021-01-16,259,0,3.24,11.7,0,3.4,9.66
2021-01-17,259,0.3,4.96,14,0,5.75,13.1
2021-01-16,54,0,2.71,12.2,0,1.8,8.84
2021-01-17,54,0.6,6.58,14.9,0,5.93,13.1
2021-01-16,28,0,2.68,8.91,0,1.86,7.3
2021-01-17,28,0,4.64,9.85,0,3.74,8.43
2021-01-18,205,25.6,3.44,9.95,13.3,2.97,9.07
2021-01-18,44,24.3,3.24,13.6,3.7,3.42,13.5
2021-01-18,67,30.5,4.32,10.6,13.2,3.46,9.92
2021-01-18,78,10.5,2.38,14,4.6,2.4,14
2021-01-18,186,31.2,2.05,11.6,7.5,1.85,10.9
2021-01-18,42,17,5.02,10.3,1.8,3.9,10.1
2021-01-18,259,48.6,3.61,10.6,16.9,4.06,9.9
2021-01-18,54,38.6,3.6,12.2,18.8,3.15,11.4
2021-01-18,28,0.1,5.21,8.39,0.1,5.45,7.4
2021-01-19,205,22.1,5.29,9.71,4.8,7.23,9.89
2021-01-19,44,34.3,4.3,13.1,6.7,5.52,12.9
2021-01-19,67,11,6.41,11,0.1,8.06,10.9
2021-01-19,78,15.8,4.19,12.9,6.4,5.68,12.4
2021-01-19,186,15.3,2.76,11.7,0.3,3.4,11.6
2021-01-19,42,51.5,8.64,9.59,12.4,11.3,9.33
2021-01-19,259,4,5.11,12.1,0,6.26,11
2021-01-19,54,10.5,5.65,12.6,0,6.53,11.4
2021-01-19,28,0,5.14,8.14,0,4.37,6.52
2021-01-20,205,13.9,6.67,8.17,7.7,7.3,8.27
2021-01-20,44,5.9,5.48,13.1,0.5,6.39,13.7
2021-01-20,67,7,6.93,10.3,1.1,8.54,10.9
2021-01-20,78,6.4,3.2,12.7,3.7,3.89,13.3
2021-01-20,186,10.6,3.24,11.1,3.5,3.33,11.1
2021-01-20,42,8.1,5.93,9.14,1.2,7.09,9.41
2021-01-20,259,43,3.24,10.1,32.6,2.77,9.12
2021-01-20,54,12.6,4.73,12.6,6,4.83,12.5
2021-01-20,28,29.6,6.39,5.79,21.5,5.59,5.45
2021-01-21,205,0,4.01,8.41,0,3.67,6.79
2021-01-21,44,0,2.54,10.8,0,1.49,8.55
2021-01-21,67,0.1,2.8,9.88,0,2.36,8.71
2021-01-21,78,0,1.49,9.56,0,0.997,5.92
2021-01-21,186,0.1,1.4,8.83,0,0.603,5.42
2021-01-21,42,0,2.83,9.1,0,2.83,8.07
2021-01-21,259,0,2.42,8.92,0,2.46,6.69
2021-01-21,54,0,2.32,10.9,0,1.52,7.5
2021-01-21,28,0,2.78,6.5,0,2.28,4.64
2021-01-22,205,0,6.53,8.29,0,7.19,6.44
2021-01-22,44,0,4.86,11.8,0,5.19,10.1
2021-01-22,67,0,6.54,8.63,0,7.53,6.44
2021-01-22,78,0,3.24,10.1,0,2.58,8.31
2021-01-22,186,0,3.37,9.84,0,2.71,7.44
2021-01-22,42,0,8.73,8.12,0,8.89,6.73
2021-01-22,259,0,3.82,10,0,3.88,8.29
2021-01-22,54,0,2.09,10.1,0,1.39,6.05
2021-01-22,28,0,6.96,7.08,0,6.8,5.21
2021-01-23,205,0,9.52,9.53,0,10.2,7.95
2021-01-23,44,0,6.64,13,0,7.42,11.2
2021-01-23,67,0,8.52,9.35,0,9.43,6.9
2021-01-23,78,0,4.95,12.4,0,4.94,10.3
2021-01-23,186,0,4.44,12,0,4.31,9.83
2021-01-23,42,0,10.8,8.95,0,11.7,7.41
2021-01-23,259,0,5.3,13.3,0,6.68,11.5
2021-01-23,54,0,1.65,11.2,0,1.22,7.01
2021-01-23,28,0,5.58,9.43,0,7.06,6.92
2021-01-24,205,0,5.76,11,0,7.08,8.96
2021-01-25,205,0,2.21,11.7,0,2.06,9.65
2021-01-26,205,0,3.05,11.5,0,2.72,8.97
2021-01-24,44,0,4.88,14.5,0,6.52,13
2021-01-25,44,0,1.22,11.1,0,0.692,7.97
2021-01-26,44,0,1.02,12.3,0,0.895,9.35
2021-01-24,67,0,5.78,11.1,0,6.98,8.49
2021-01-25,67,0,2.65,12.1,0,2.87,9.74
2021-01-26,67,0,3.55,12.3,0,2.54,10.2
2021-01-24,78,0,3.31,13.1,0,4.31,10.9
2021-01-25,78,0,0.922,10.7,0,0.625,7.2
2021-01-26,78,0,1.31,11.6,0,1.01,8.27
2021-01-24,186,0,1.71,11.5,0,1.73,7.82
2021-01-25,186,0,1.38,10.7,0,1.29,6.78
2021-01-26,186,0,1.41,11.6,0,1.47,7.79
2021-01-24,42,0,5.85,11,0,7.58,9.23
2021-01-25,42,0,2.39,12.5,0,2.2,11.9
2021-01-26,42,0,4.28,11.8,0,3.36,10.6
2021-01-24,259,0,2.02,11.2,0,2.45,7.96
2021-01-25,259,0,2.53,10.8,0,2.4,7.96
2021-01-26,259,0,2.41,11.3,0,2.43,8.12
2021-01-24,54,0,1.53,10.5,0,1.31,5.59
2021-01-25,54,0,1.58,11.4,0,1.27,7.34
2021-01-26,54,0,1.58,11.7,0,1.28,7.46
2021-01-24,28,0,3.48,10.8,0,2.86,9.25
2021-01-25,28,0,2.37,9.16,0,1.94,7.04
2021-01-26,28,0,2.93,10.7,0,3.33,7.83
2021-01-27,205,0,5.89,13.8,0,7.94,13
2021-01-28,205,5,3.99,11.8,4,4.61,11.2
2021-01-27,44,0,5.28,17.6,0,6.27,17.3
2021-01-28,44,5.2,3.02,15.3,0.1,3.7,15.7
2021-01-27,67,0,5.51,13.9,0,6.55,12.6
2021-01-28,67,8.3,4.27,12.6,5.3,4.42,12.2
2021-01-27,78,0,3.83,15.4,0,4.12,14.6
2021-01-28,78,3.1,2.04,15.2,2.8,2.16,15.6
2021-01-27,186,0,1.65,13.7,0,0.898,11.1
2021-01-28,186,4.7,2.06,13.7,1.9,1.71,13.2
2021-01-27,42,0,6.15,13.8,0,6.39,13
2021-01-28,42,2.4,5.12,12,0.1,5.39,12
2021-01-27,259,0,2.13,14.1,0,1.93,12.2
2021-01-28,259,1.7,2.54,12.2,1.6,2.18,12.3
2021-01-27,54,0,2.17,13.3,0,1.07,9.91
2021-01-28,54,2,2.98,14.7,0,3.32,15.8
2021-01-27,28,0,4.44,15.6,0,4.08,15.6
2021-01-28,28,0.2,4.07,9.79,0.2,2.92,9
2021-01-29,205,16.8,5.42,9.05,11.4,5.86,8.55
2021-01-29,44,17.7,4.54,12.5,12.4,4.7,12
2021-01-29,67,18.9,6.31,10.2,13.5,6.44,9.41
2021-01-29,78,15.3,4.12,12.6,14.4,5.09,11.8
2021-01-29,186,17,2.99,10.9,11,2.81,9.79
2021-01-29,42,18.1,7.55,9.12,13.8,9,8.62
2021-01-29,259,13,4.2,10.1,3.8,5.61,10.1
2021-01-29,54,18,4.7,12.1,16.7,5.53,10.8
2021-01-29,28,1.9,4.53,6.16,0.1,4.19,5.79
2021-01-30,259,11.2,3.44,10.8,5.7,3.78,8.69
2021-01-30,44,10.1,3.78,12.8,2,3.44,13
2021-01-23,45,0,7.29,10.8,0,7.77,8.33
2021-01-24,45,0,4.48,12.6,0,5.59,9.89
2021-01-25,45,0,1.95,13,0,1.8,10.7
2021-01-26,45,0,2.51,13.1,0,1.79,10.9
2021-01-27,45,0,4.59,15.2,0,5.4,14
2021-01-28,45,8.5,3.55,14,4,4.11,14.1
2021-01-29,45,13.2,5.15,11.2,11.8,5.25,10.2
2021-01-30,45,8.2,4.5,11.4,2,4.53,11
2021-01-30,186,9,1.86,10.4,0,1.46,9.44
2021-01-30,78,8.2,2.96,12.5,2.2,2.2,12
2021-01-30,42,8.9,7.01,9.33,1.2,6.27,9.54
2021-01-30,67,10.2,4.64,10.2,1.3,4.79,9.65
2021-01-30,205,14.2,3.9,8.69,4,3.57,8.65
2021-01-30,28,0.2,3.08,7.71,0,2.47,5.78
2021-01-30,54,2.7,4.33,12.9,2.1,4.13,10.9
2021-01-31,205,0,4.25,12.2,0,4.93,11.5
2021-01-31,44,0,3.74,15.8,0,4.54,15
2021-01-31,67,0,5.19,13.8,0,6.6,13.1
2021-01-31,78,0,3.72,15.3,0,5.16,14.6
2021-01-31,186,0.5,2.81,14,0.4,3.4,13.1
2021-01-31,42,0,8.51,12.5,0,10.4,12
2021-01-31,259,0,4.1,14.7,0,5.18,13.9
2021-01-31,54,0,4.25,15.2,0,5.36,13.8
2021-01-31,28,0,3.59,11.2,0,2.79,9.41
2021-01-31,45,0,4.36,14,0,4.72,12.8
2021-01-24,121,0,1.96,10.6,0,2,7.06
2021-01-25,121,0,2,11,0,1.59,7.97
2021-01-26,121,0,2.12,11.4,0,2.01,8.04
2021-01-27,121,0,2.02,13,0,1.55,10
2021-01-28,121,1.5,2.45,12.7,0.5,2.37,12.5
2021-01-29,121,22.7,4.14,10.5,5.2,5.44,9.71
2021-01-30,121,6.3,3.81,11.5,4.2,4.35,9.04
2021-01-31,121,0,3.78,14.1,0,4.87,12.4
2021-02-01,205,0,5.34,13.8,0,5.21,11.6
2021-02-01,44,0,3.57,16.7,0,3.43,14.5
2021-02-01,67,0,5.28,14.1,0,4.47,11.6
2021-02-01,78,0,2.98,15.6,0,2.56,12.8
2021-02-01,186,0,1.62,14.9,0,0.802,11
2021-02-01,42,0,5.03,14.2,0,3.92,12.6
2021-02-01,259,0,2.79,15.2,0,2.78,11.6
2021-02-01,54,0,1.55,15.3,0,1.29,10.1
2021-02-01,28,0,3.21,14,0,3.2,11.8
2021-02-01,45,0,3.82,15.3,0,2.98,12.6
2021-02-01,121,0,2.15,15.6,0,2.09,11.8
2021-01-25,46,0,3,13.6,0,2.34,10.7
2021-01-26,46,0,3.87,14,0,3.76,11.5
2021-01-27,46,0,4.64,16.3,0,3.54,15.2
2021-01-28,46,4.1,6.3,16.5,0.1,7.76,16.8
2021-01-29,46,15.1,8.61,14.1,12.1,9.36,14
2021-01-30,46,3.2,7.42,14.3,1.5,6.61,13.8
2021-01-31,46,0,6.3,16.1,0,8.07,15.8
2021-02-01,46,0,3.6,16.6,0,3.38,13.6
2021-02-02,205,0,6.82,16.8,0,6.95,14.6
2021-02-02,44,0,7.6,20.3,0,9.08,18.8
2021-02-02,67,0,9.89,16.1,0,10.7,13.4
2021-02-02,78,0,3.69,19.6,0,3.91,18.4
2021-02-02,186,0,3.53,18,0,3.89,16
2021-02-02,42,0,11.1,16.4,0,10.6,14.5
2021-02-02,259,0,6.34,19.9,0,7.91,19
2021-02-02,54,0,1.95,18.3,0,1.25,14.8
2021-02-02,28,0,5.86,16.7,0,6.42,15.2
2021-02-02,45,0,8.22,17.5,0,9.19,15
2021-02-02,46,0,6.13,19.1,0,7.06,16.6
2021-02-02,121,0,1.89,19.8,0,1.64,18.1
2021-02-03,205,0,6.59,17.5,0,7.16,15.7
2021-02-03,44,0,6.54,21,0,7.52,19.7
2021-02-03,67,0,8.39,17.4,0,9.5,15.7
2021-02-03,78,0,4.37,20.2,0,5.19,19.1
2021-02-03,186,0,3.12,19,0,4.05,17.7
2021-02-03,42,0,9.02,17.4,0,10.4,16.3
2021-02-03,259,0,2.23,19.4,0,2.14,17.3
2021-02-03,54,0,1.69,17.8,0,1.2,13.8
2021-02-03,28,0,3.63,17.6,0,3.22,16
2021-02-03,45,0,6.69,18.8,0,7.63,17.1
2021-02-03,46,0,4.46,20.6,0,4.87,18.8
2021-02-03,121,0,2.4,18.7,0,1.85,15.7
2021-02-04,205,4.4,4.07,15.3,0.4,3.03,15
2021-02-04,44,4.5,3.09,18.3,0.6,2.4,17.1
2021-02-04,67,5.9,5.82,15.2,1.8,6.08,14
2021-02-04,78,6.9,2.26,16.4,1.1,2.03,14.6
2021-02-04,186,7.4,1.88,15.4,1.9,2.08,13.6
2021-02-04,42,8.6,7.16,15.6,0.3,7.65,15.4
2021-02-04,259,4.4,2.6,16,1.7,2.2,15.1
2021-02-04,54,16.9,2.6,16.3,9.9,2.18,15.1
2021-02-04,28,7.3,3.58,14.2,0.9,2.59,13.8
2021-02-04,45,7.2,4.19,16.8,0.3,4.13,16
2021-02-04,46,4.1,4.58,18.1,0.2,4.72,17.6
2021-02-04,121,2.1,2.22,15.8,1.4,1.88,14.5
2021-02-05,205,1.1,2.57,13.6,1,2.03,12
2021-02-05,44,0.6,3.01,15.6,0.5,1.53,14.1
2021-02-05,67,1.7,3.35,14,1.6,2.77,12.6
2021-02-05,78,0.4,1.98,15.7,0.1,1.07,14.3
2021-02-05,186,1,2.08,15.1,0.9,1.19,13.5
2021-02-05,42,0.5,3.42,13.5,0.3,2.6,12.6
2021-02-05,259,15.8,1.7,14,10.7,1.44,12.5
2021-02-05,54,3.3,2.34,15.6,2.8,1.74,13.8
2021-02-05,28,9.1,4.35,10.7,8.8,2.26,9.63
2021-02-05,45,0.9,3.18,14.5,0.9,2.71,12.9
2021-02-05,46,2.6,5.28,16.2,2.6,3.25,14.5
2021-02-05,121,5.1,3,14.8,4.3,2.27,13.2
2021-02-06,205,0,2.58,13.4,0,1.67,11.6
2021-02-06,44,0,1.22,15.3,0,0.544,13
2021-02-06,67,0,2.21,14.6,0,1.66,12.9
2021-02-06,78,0,1.1,14.9,0,0.661,12.2
2021-02-06,186,0,1.67,14.5,0,1.26,11.5
2021-02-06,42,0,2.91,14.3,0,1.77,13.5
2021-02-06,259,0,1.81,14.9,0,2.05,12.3
2021-02-06,54,0,1.7,15.6,0,1.13,12.3
2021-02-06,28,0,3.73,11.9,0,2.57,10.4
2021-02-06,45,0,1.88,15.5,0,1.22,14.1
2021-02-06,46,0,2.69,16.6,0,2.46,14.8
2021-02-06,121,0,1.77,15,0,1.52,12.2
2021-02-07,205,0,3.2,13.9,0,2.74,12.5
2021-02-07,44,0,1.52,15.2,0,1.6,13.8
2021-02-07,67,0,2.25,14.4,0,1.84,13.2
2021-02-07,78,0,1.15,14.9,0,0.785,12.5
2021-02-07,186,0,0.951,14.6,0,0.387,11.8
2021-02-07,42,0,3.05,13.7,0,3.19,12.6
2021-02-07,259,0,2.27,13.7,0,2.57,10.9
2021-02-07,54,0,1.58,14.8,0,1.31,11.8
2021-02-07,28,0,2.1,11.5,0,1.73,8.83
2021-02-07,45,0,1.85,15.3,0,1.7,14
2021-02-07,46,0,2.65,16.4,0,2.42,14.8
2021-02-07,121,0,1.98,13.8,0,1.73,11
2021-02-08,205,0,3.9,14.6,0,4.56,12.2
2021-02-08,44,0,1.45,15.9,0,1.17,13
2021-02-08,67,0,3.78,14.3,0,4.07,11.8
2021-02-08,78,0,2.23,15.2,0,2,11.7
2021-02-08,186,0,1.37,14.5,0,0.656,10.3
2021-02-08,42,0,2.55,16.3,0,2.85,14.6
2021-02-08,259,0,2.16,15.3,0,2.79,11.1
2021-02-08,54,0,1.17,16.3,0,1.14,10.7
2021-02-08,28,0,2.84,16,0,2.51,13.9
2021-02-08,45,0,2.26,15.9,0,2.5,13
2021-02-08,46,0,2.27,16.5,0,2.63,13.9
2021-02-08,121,0,1.47,15.2,0,1.39,10.6
2021-02-09,205,0,4.11,17.6,0,4.84,15.2
2021-02-09,44,0,2.45,20,0,3.06,18.9
2021-02-09,67,0,3.7,17.3,0,4.53,15.3
2021-02-09,78,0,2.58,18,0,2.54,15.4
2021-02-09,186,0,1.52,17.4,0,0.979,13.7
2021-02-09,42,0,2.57,20.6,0,3.43,19.6
2021-02-09,259,0,2.44,17.9,0,2.81,14.8
2021-02-09,54,0,1.53,18.2,0,1.35,14.2
2021-02-09,28,0,2.63,17.7,0,2.9,15.7
2021-02-09,45,0,2.05,18.3,0,2.23,16.1
2021-02-09,46,0,2.86,19.1,0,3.51,17.7
2021-02-09,121,0,1.73,17.7,0,1.56,14
2021-02-10,205,0,4.18,16.4,0,4.04,14.7
2021-02-11,205,0,2.44,13.5,0,2.75,11.5
2021-02-10,44,0,1.3,15.4,0,0.72,13.3
2021-02-11,44,0,1.53,14,0,1.04,11.8
2021-02-10,67,0,3.29,16.2,0,3.05,14.4
2021-02-11,67,0,2.51,14.2,0,1.79,13
2021-02-10,78,0,1.86,15.4,0,1.92,12.9
2021-02-11,78,0,1.17,14.1,0,0.723,11.1
2021-02-10,186,0,1.43,15.6,0,0.887,12.2
2021-02-11,186,0,1.58,14.4,0,1.23,11.3
2021-02-10,42,0,2.4,18.4,0,1.72,18.7
2021-02-11,42,0,2.61,13.8,0,1.98,12.9
2021-02-10,259,0,2.57,15.7,0,2.9,12.6
2021-02-11,259,0,2.38,13.7,0,2.56,9.23
2021-02-10,54,0,1.68,15.5,0,1.06,11.3
2021-02-11,54,0,2.05,15,0,1.26,10.8
2021-02-10,28,0,3.15,15.4,0,2.12,13.6
2021-02-11,28,0,2.51,13.7,0,2.71,10.7
2021-02-10,45,0,2.32,16.8,0,1.96,15.3
2021-02-11,45,0,1.84,15.4,0,1.41,13.7
2021-02-10,46,0,2.77,17,0,1.91,15.5
2021-02-11,46,0,4.02,15.8,0,2.7,13.6
2021-02-10,121,0,2.03,15.5,0,1.73,12.1
2021-02-11,121,0,2.19,14,0,1.31,9.65
2021-02-12,205,0,3.85,15.2,0,3.32,14.1
2021-02-12,44,0,1.62,13,0,0.792,9.72
2021-02-12,67,0,3.4,14.1,0,2.84,13
2021-02-12,78,0,1.5,13.2,0,0.715,9.8
2021-02-12,186,0,1.78,14,0,0.887,10.6
2021-02-12,42,0,3.68,15.4,0,4.41,14.8
2021-02-12,259,0,2.23,12,0,2.58,8.48
2021-02-12,54,0,1.82,14,0,1.15,9.86
2021-02-12,28,0,3.22,14.2,0,2.08,12.4
2021-02-12,45,0,2.37,15,0,2.24,13.4
2021-02-12,46,0,3.27,15.3,0,2.42,13.4
2021-02-12,121,0,2.16,12.8,0,1.95,9.03
2021-02-13,205,0,3.47,13.4,0,2.49,11.7
2021-02-13,44,0,1.55,14.5,0,1.39,12.2
2021-02-13,67,0,2.42,14,0,1.9,12.8
2021-02-13,78,0,1.23,14.1,0,0.689,11.2
2021-02-13,186,0,1.26,14.5,0,0.49,11.9
2021-02-13,42,0,2.39,13.7,0,1.91,12.5
2021-02-13,259,0,2.32,12.9,0,2.56,9.86
2021-02-13,54,0,1.67,14.2,0,1.15,10.6
2021-02-13,28,0,2.42,11.2,0,2.38,8.3
2021-02-13,45,0,1.98,14.9,0,1.67,13.4
2021-02-13,46,0,3.4,15.8,0,2.91,13.7
2021-02-13,121,0,2.14,13.2,0,1.57,9.9
2021-02-14,205,0,3.55,14.4,0,4.3,12
2021-02-14,44,0,1.46,14.2,0,0.541,11.1
2021-02-14,67,0,3.76,14,0,4.57,11.7
2021-02-14,78,0,1.27,13.9,0,0.802,10.4
2021-02-14,186,0,1.64,14.2,0,1.18,10.6
2021-02-14,42,0,3.44,14.5,0,4.8,13.2
2021-02-14,259,0,2.13,12.6,0,2.45,8.78
2021-02-14,54,0,1.8,14,0,1.15,9.76
2021-02-14,28,0,2.76,15,0,2.02,13.3
2021-02-14,45,0,2.36,14.9,0,2.65,12.9
2021-02-14,46,0,2.69,15.4,0,2.21,13.5
2021-02-14,121,0,1.92,12.9,0,1.65,8.56
2021-02-15,205,0,2.98,13.3,0,1.71,12.2
2021-02-15,44,0,1.33,14.7,0,1.47,13.7
2021-02-15,67,0,2.18,13.8,0,1.85,12.8
2021-02-15,78,0,1.27,14.4,0,0.913,12.9
2021-02-15,186,0,1.19,14.6,0,0.689,12.7
2021-02-15,42,0,2.92,13.1,0,2.97,12
2021-02-15,259,0,2.01,13.7,0,1.67,12.2
2021-02-15,54,0,1.46,15.7,0,0.954,14
2021-02-15,28,0,2.58,11.2,0,2.35,8.49
2021-02-15,45,0,1.86,14.7,0,1.54,13.3
2021-02-15,46,0,2.58,16.6,0,2.23,15.8
2021-02-15,121,0,1.52,14.3,0,1.01,12.8
2021-02-16,205,1.9,3.29,12.1,0,2.17,10.9
2021-02-16,44,2.6,2.55,13.8,0,2.04,13
2021-02-16,67,1,3.44,13.2,0,1.73,12.3
2021-02-16,78,6.7,1.65,13.6,0,1.26,12
2021-02-16,186,1.9,2.11,13.3,0,1.13,11.1
2021-02-16,42,8.1,4.57,11.8,0,3.54,11.6
2021-02-16,259,7.1,2.89,12.2,0,2.53,10.2
2021-02-16,54,2.4,3.19,14.1,0,1.48,12.1
2021-02-16,28,2.6,3.13,10.1,0,1.74,8.69
2021-02-16,45,0.7,3.35,13.9,0,2.08,13.2
2021-02-16,46,0.3,5.14,15.2,0,3.1,14.1
2021-02-16,121,3.7,2.55,12.6,0,1.87,10.5
2021-02-17,205,55.4,6.43,5.4,26.6,5.95,4.92
2021-02-17,44,31.5,4.89,9.64,13.9,4.7,9.46
2021-02-17,67,39.8,8.35,6.96,21.7,7.73,6.63
2021-02-17,78,44.9,3.33,9.34,12.5,3.16,8.99
2021-02-17,186,43.1,4.47,7.87,20.5,3.62,7.28
2021-02-17,42,43.7,8.41,5.71,10.5,9.07,5.55
2021-02-17,259,44.3,6.24,7.54,21.3,7.34,6.56
2021-02-17,54,42.4,8.2,9.64,13.2,8.24,9.13
2021-02-17,28,4.4,6.74,4.08,2.9,5.52,2.64
2021-02-17,45,33.4,8.11,8.36,23.4,8.49,8.14
2021-02-17,46,19.1,12.6,11.7,7,12.9,11.8
2021-02-17,121,47.8,6.75,8.56,27.6,6.51,7.48
2021-02-18,205,15,2.96,5.06,6.5,2.5,3.22
2021-02-18,44,19.6,3.16,10.1,5.5,3.19,9.1
2021-02-18,67,22.7,4.14,7.11,16.6,3.98,5.56
2021-02-18,78,25.1,2.55,8.96,13,2.46,7.09
2021-02-18,186,20.2,2.15,8.02,9.1,2.25,6.3
2021-02-18,42,16.5,4.35,6.74,2.6,4.26,6.08
2021-02-18,259,32.9,4.42,7.33,17.7,4.66,5.69
2021-02-18,54,21.6,3.6,9.69,11.7,3.72,7.35
2021-02-18,28,4,5.92,2.92,0.3,6.06,1.58
2021-02-18,45,24,3.77,8.19,16.1,3.45,6.3
2021-02-18,46,6.2,6.7,11.8,4.6,7.08,11.2
2021-02-18,121,35.5,4.64,8.35,15,5.2,6.63
2021-02-19,205,23.5,2.77,6.79,10.1,3.11,6.15
2021-02-19,44,19.2,3.26,10.5,13.3,3.65,9.62
2021-02-19,67,18.3,3.51,8.54,7,2.91,8.19
2021-02-19,78,13.7,2.68,10.1,7.6,2.31,9.27
2021-02-19,186,25.9,1.65,8.81,7.1,1.1,7.94
2021-02-19,42,14.5,5.71,7.73,9.3,5.99,7.09
2021-02-19,259,27.8,2.82,8.89,16.1,3.02,8.34
2021-02-19,54,41.6,3.48,10.2,20,4.28,9.4
2021-02-19,28,7,2.99,5.84,1.7,2.6,4.9
2021-02-19,45,22.9,3.77,8.99,7.5,4.35,8.3
2021-02-19,46,20.8,5.53,11.8,1.5,5.92,10.6
2021-02-19,121,22.9,2.95,9.63,10.9,3.13,9.14
2021-02-20,205,3.2,2.53,8.51,0.1,1.91,6.77
2021-02-20,44,1.1,1.76,10.8,0,0.987,8.63
2021-02-20,67,2.5,2.37,9.59,0,2.36,7.94
2021-02-20,78,2.6,1.56,11,1.9,1.14,9.13
2021-02-20,186,2.8,1.43,10.4,1,1.03,8.22
2021-02-20,42,1.8,3.23,9.17,0.3,3.93,8.1
2021-02-20,259,0.4,2.48,10,0.2,2.21,7.28
2021-02-20,54,0.3,2.22,11.2,0.3,1.53,8.41
2021-02-20,28,1.8,1.54,6.8,1.7,1.15,5.18
2021-02-20,45,0.2,1.93,10.3,0.1,1.48,8.66
2021-02-20,46,1.3,3.23,12.1,0.5,2.22,10.6
2021-02-20,121,0.7,2.48,10.4,0.2,1.57,7.73
2021-02-21,205,0,2.95,9.25,0,2.82,6.62
2021-02-21,44,0,2.02,10.5,0,2,8.3
2021-02-21,67,0,3.28,10,0,3.5,7.67
2021-02-21,78,0,1.9,10.3,0,1.17,7.29
2021-02-21,186,0,1.56,9.91,0,1.31,5.96
2021-02-21,42,0,4.37,9.51,0,4.78,8.25
2021-02-21,259,0,1.94,9.24,0,1.85,6.16
2021-02-21,54,0,1.92,10.7,0,1.29,6.82
2021-02-21,28,0,3.55,7.92,0,4.07,6.18
2021-02-21,45,0,2.65,10.8,0,2.95,8.28
2021-02-21,121,0,1.96,10.4,0,1.33,7.01
2021-02-21,46,0,3.56,12.1,0,3.24,9.55
2021-02-22,205,0,5.07,11.5,0,5.23,9.48
2021-02-22,44,0,3.68,13.2,0,3.43,10.8
2021-02-22,67,0,6.98,11.1,0,7.45,8.76
2021-02-22,78,0,2.46,12.3,0,2.24,9.88
2021-02-22,186,0,2.87,11.9,0,1.74,8.54
2021-02-22,42,0,8.39,10.7,0,9.14,9.32
2021-02-22,259,0,2.27,10.4,0,2.31,6.77
2021-02-22,54,0,1.58,12,0,0.939,7.18
2021-02-22,28,0,3.43,9.26,0,4.26,7.18
2021-02-22,45,0,5.23,12.3,0,5.62,9.84
2021-02-22,46,0,4.61,13.9,0,4.27,11.4
2021-02-22,121,0,1.76,10.4,0,1.51,6.51
2021-02-23,205,0,7.48,14.1,0,9.27,12.2
2021-02-23,44,0,7.31,16.8,0,9.08,15.4
2021-02-23,67,0,9.13,13.5,0,10.7,11.2
2021-02-23,78,0,4.12,16.4,0,4.69,15.3
2021-02-23,186,0,5.38,15.7,0,6.06,13.7
2021-02-23,42,0,11.7,12.7,0,13.9,11.3
2021-02-23,259,0,5.3,14,0,7.99,13.6
2021-02-23,54,0,3.44,15.2,0,3.07,12.6
2021-02-23,28,0,8.56,11.9,0,9.71,10.2
2021-02-23,45,0,8.22,14.9,0,10.3,12.8
2021-02-23,46,0,7.86,16,0,8.18,14.2
2021-02-23,121,0,2.48,13.5,0,2.08,11.9
2021-02-24,205,0,3.41,14.3,0,2.88,12.7
2021-02-24,44,0,2.53,15.9,0,1.7,14.2
2021-02-24,67,0,3.66,13.7,0,4.22,11.8
2021-02-24,78,0,1.72,14,0,1.01,11
2021-02-24,186,0,1.69,14.5,0,0.869,11.5
2021-02-24,42,0,4.18,14.2,0,4.58,13.7
2021-02-24,259,0,1.91,13.4,0,1.45,10.3
2021-02-24,54,0,2.48,15.6,0,1.4,12.6
2021-02-24,28,0,5.57,11.4,0,5.21,9.66
2021-02-24,45,0,2.53,15.2,0,2.42,13.5
2021-02-24,46,0,3.9,16.2,0,3.03,14.6
2021-02-24,121,0,2.62,14.2,0,1.42,11.2
2021-02-25,205,0,3.58,13.3,0,2.47,11.8
2021-02-25,44,0,2.03,14.7,0,2.23,12.3
2021-02-25,67,0,2.99,13.7,0,2.51,12.2
2021-02-25,78,0,1.2,14.3,0,0.554,11
2021-02-25,186,0,1.59,14.3,0,0.754,11.5
2021-02-25,42,0,3.95,13.1,0,3.12,12.2
2021-02-25,259,0,2.42,12.9,0,2.49,10.6
2021-02-25,54,0,2.27,14.6,0,1.78,11.4
2021-02-25,28,0,2.75,10,0,1.62,7.38
2021-02-25,45,0,2.63,14.8,0,2.31,13.1
2021-02-25,121,0,2.31,13.4,0,2.59,10.7
2021-02-25,46,0,3.9,15.9,0,2.88,14
2021-02-26,205,0,2.67,13.6,0,2.86,10.8
2021-02-26,44,0,2.09,14.6,0,1.13,11.7
2021-02-26,67,0,2.81,13.8,0,3.37,11.2
2021-02-26,78,0,1.33,14,0,0.752,10.7
2021-02-26,186,0,1.53,14.1,0,1.25,10.2
2021-02-26,42,0,3.89,13.1,0,4.04,11.9
2021-02-26,259,0,2.14,13,0,1.83,9.66
2021-02-26,54,0,1.8,14,0,1.03,9.61
2021-02-26,28,0,3.31,12.4,0,3.97,10.3
2021-02-26,45,0,2.38,14.9,0,2.43,12.1
2021-02-26,46,0,4.29,15.6,0,2.83,13.2
2021-02-26,121,0,2.05,13.1,0,1.28,9.44
2021-02-27,205,0,3.18,15.6,0,4.19,13
2021-02-27,44,0,1.43,10.7,0,0.766,9.19
2021-02-27,67,0,4.16,14.4,0,4.9,11.9
2021-02-27,78,0,1.33,13.9,0,0.625,10.1
2021-02-27,186,0,1.97,14.9,0,1.42,11
2021-02-27,42,0,5.65,14.3,0,5.78,13.5
2021-02-27,259,0,1.75,14.5,0,0.88,11.1
2021-02-27,54,0,2.35,15,0,1.13,10.4
2021-02-27,28,0,4.71,14.3,0,4.61,12.8
2021-02-27,45,0,3.24,16,0,3.83,13.7
2021-02-27,46,0,5.95,15.9,0,3.45,14.1
2021-02-27,121,0,2.42,14.1,0,1.11,10.2
2021-02-28,205,0,3.54,14.3,0,1.87,12.8
2021-02-28,67,0,3.24,14.2,0,2.18,13
2021-02-28,78,0,1.65,14.3,0,0.761,11.2
2021-02-28,186,0,2.35,15.3,0,1.74,13.3
2021-02-28,42,0,4.98,13.5,0,5.07,12.7
2021-02-28,259,0,2.18,12.6,0,2.14,10.5
2021-02-28,54,0,2.29,15.4,0,1.35,12.6
2021-02-28,28,0,4.51,11.8,0,2.87,9.7
2021-02-28,45,0,3,15.2,0,2.58,14.1
2021-02-28,46,0,5.1,16.3,0,3.29,14.8
2021-02-28,121,0,2.01,13.5,0,1.28,10.6
2021-03-01,205,4.8,2.25,11.7,0.1,1.85,11.1
2021-03-01,44,0.7,2.5,14.2,0,2.76,13.3
2021-03-01,67,1.9,3.87,12.9,1.4,3.79,12.1
2021-03-01,78,3.9,1.79,13.6,0,2.32,12.4
2021-03-01,186,1.7,1.41,13.5,0.7,1.03,12
2021-03-01,42,2.7,5.42,11.6,2.7,6.41,10.5
2021-03-01,259,0.6,2.78,12.1,0.6,3.07,10.8
2021-03-01,54,2.7,2.93,13.8,0.1,2.51,12.1
2021-03-01,28,0.1,3.07,9.25,0.1,1.8,7.33
2021-03-01,45,0.3,2.83,13.9,0.1,3.14,12.4
2021-03-01,46,1.9,4.67,15.6,0.1,4.73,13.9
2021-03-01,121,0.6,2.42,12.9,0.5,2.42,10.7
2021-03-02,205,0.3,3.07,11.9,0,2.31,10.8
2021-03-02,44,1,2.96,14.9,0.4,2.54,13.3
2021-03-02,67,0.3,3.58,13.2,0,2.97,12.5
2021-03-02,78,0,2.19,14.1,0,2.38,12.6
2021-03-02,186,0.1,2.11,13.9,0,1.18,12
2021-03-02,42,0,5.77,11.6,0,6,10.8
2021-03-02,259,0,2.77,12.6,0,2.55,11.3
2021-03-02,54,0,3.11,14.2,0,2.35,12.2
2021-03-02,28,0,2.84,9.9,0,1.99,8.49
2021-03-02,45,0.4,3.38,13.9,0,2.83,12.5
2021-03-02,46,0.6,4.76,15.3,0,4.2,14.1
2021-03-02,121,0,2.7,13.2,0,2.67,11.7
2021-03-03,205,1.8,3.1,10.8,0.1,2.61,9.85
2021-03-03,44,1.1,2.72,13.6,1,2.69,12.2
2021-03-03,67,6.7,3.01,11.7,0,2.56,10.9
2021-03-03,78,1.3,2.17,12.9,0.6,2.14,11.6
2021-03-03,186,0.9,1.3,12.3,0,0.879,10.3
2021-03-03,42,3,5.25,10.6,2.7,5.97,9.69
2021-03-03,259,0,2.81,11.7,0,2.89,10.7
2021-03-03,54,0.9,2.77,13.5,0,2.91,11.8
2021-03-03,28,0,3.4,8.32,0,1.92,6.88
2021-03-03,45,0,3.07,12.9,0,3.17,11.5
2021-03-03,46,0.1,4.49,14.5,0,4.2,13.3
2021-03-03,121,0,2.95,12.3,0,3.25,10.5
2021-02-25,79,0,2.17,13.7,0,2.68,10.8
2021-02-26,79,0,1.79,13.1,0,1.46,9.49
2021-02-27,79,0,1.8,14.2,0,1.42,10.5
2021-02-28,79,0,1.84,14.1,0,1.08,11.5
2021-03-01,79,0,2.87,13,0,3.09,10.7
2021-03-02,79,0,3.12,13,0,3.27,11.1
2021-03-03,79,0,3.38,12,0,3.85,9.53
2021-03-04,205,7.8,2.55,8.76,3.3,1.97,7.6
2021-03-04,44,18.6,1.92,10.9,6.5,2.29,9.85
2021-03-04,67,11,2.79,9.35,3.5,2.82,8.38
2021-03-04,78,16,1.45,10.9,8.2,1.58,9.67
2021-03-04,186,6.1,1.68,10.2,2.6,1.49,9.07
2021-03-04,42,4.3,3.15,8.56,1.1,2.96,7.81
2021-03-04,259,14.9,2.72,10.1,14.5,2.6,8.35
2021-03-04,54,12.1,2.99,12.1,4.7,3.16,9.79
2021-03-04,28,1.1,5.05,6.74,0,4.31,5.53
2021-03-04,45,15.9,2.03,10.3,6.2,2.83,9.18
2021-03-04,46,3,4.65,12.9,1.2,4.42,11.6
2021-03-04,121,26.2,2.88,10.9,21.4,3.1,9.09
2021-03-04,79,13.6,3.09,10.7,6.1,3.76,8.99
2021-03-05,205,0,3.4,11.9,0,1.99,10.8
2021-03-05,44,0,2.14,13.8,0,2.47,12.6
2021-03-05,67,0,3.23,12.5,0,2.59,11.2
2021-03-05,78,0.1,1.33,12.7,0.1,0.633,10.3
2021-03-05,186,0.1,1.53,12.8,0.1,1.13,10.3
2021-03-05,42,0,3.92,12,0,4.11,11.2
2021-03-05,259,0.1,2.32,12.4,0.1,2.51,9.99
2021-03-05,54,0,1.9,13.7,0,1.41,10.5
2021-03-05,28,0,2.79,10,0,1.28,7.95
2021-03-05,46,0,3.39,15.3,0,2.94,13.7
2021-03-05,121,1.8,2.58,13.2,0.1,2.78,10.7
2021-03-05,79,0.5,2.36,13.3,0,2.66,10.7
2021-03-06,205,0,3.07,12.6,0,2.95,9.31
2021-03-06,44,0,2.07,13.2,0,1.22,10.8
2021-03-06,67,0,3.1,12.9,0,3.64,9.82
2021-03-06,78,0,1.4,12.9,0,0.921,9.54
2021-03-06,186,0,1.48,13.1,0,1.34,8.9
2021-03-06,42,0,4.13,11.9,0,4.67,10.3
2021-03-06,259,0,2.38,12.2,0,2.45,8.2
2021-03-06,54,0,2.02,13.3,0,1.22,8.89
2021-03-06,28,0,2.61,12.4,0,2.83,9.2
2021-03-06,46,0,4.89,14.4,0,3.21,11.9
2021-03-06,121,0,2.25,12.4,0,1.44,8.38
2021-03-06,79,0,1.83,12.8,0,1.45,8.98
2021-03-07,205,0,3.81,13.3,0,2.39,11.7
2021-03-07,44,0,1.73,12.4,0,0.62,9.42
2021-03-07,67,0,3.21,13,0,2.4,11.9
2021-03-07,78,0,1.44,12.5,0,0.795,9.48
2021-03-07,186,0,2.27,13.8,0,1.69,11.1
2021-03-07,42,0,3.27,13.2,0,3.61,12.2
2021-03-07,259,0,2.26,11.9,0,2.37,8.69
2021-03-07,54,0,1.88,13.6,0,0.997,9.94
2021-03-07,28,0,3.46,13,0,2.29,11.3
2021-03-07,46,0,3.15,14.5,0,1.61,12.2
2021-03-07,121,0,2.19,12.6,0,1.46,9.2
2021-03-07,79,0,1.66,13.3,0,1.34,10.7
2021-03-08,205,0,4.3,13.1,0,3.08,12.1
2021-03-08,44,0,1.88,15,0,1.96,13.5
2021-03-08,67,0,3.47,13.6,0,2.63,12.4
2021-03-08,78,0,1.53,15.2,0,0.977,13.6
2021-03-08,186,0,2.06,14.9,0,1.28,12.6
2021-03-08,42,0,4.08,12.7,0,3.41,12.1
2021-03-08,259,0,2.49,12.7,0,2.64,10.4
2021-03-08,54,0,2.11,14.7,0,1.61,11.8
2021-03-08,28,0,3.57,10.1,0,2.13,7.59
2021-03-08,46,0,3.74,16.4,0,3.1,15
2021-03-08,121,0,2.17,13,0,2.04,9.86
2021-03-08,79,0,1.84,13.4,0,2.07,10.5
2021-03-09,205,0,2.06,14.1,0,1.68,11.7
2021-03-09,44,0,1.83,15.4,0,1.81,13.7
2021-03-09,67,0,2.23,14.4,0,1.75,12.3
2021-03-09,78,0,1.26,15,0,0.905,12.3
2021-03-09,186,0,1.28,15.3,0,0.793,11.7
2021-03-09,42,0,3.32,13.6,0,3.29,12.1
2021-03-09,259,0,2.17,13.9,0,2.37,10.1
2021-03-09,54,0,1.53,15.6,0,1.21,11.3
2021-03-09,28,0,2.42,13.4,0,2.47,10.3
2021-03-09,45,0,1.91,15.7,0,1.84,13.7
2021-03-09,46,0,3.41,16.1,0,3.07,14.4
2021-03-09,121,0,2.02,14.5,0,2.06,10.6
2021-03-09,79,0,1.82,14.6,0,1.79,10.6
2021-03-10,205,0,4.58,19.2,0,5.91,17.4
2021-03-10,44,0,3.11,21.9,0,3.72,20.3
2021-03-10,67,0,4.73,19.1,0,5.66,16.6
2021-03-10,78,0,3.17,20.2,0,3.29,18.3
2021-03-10,186,0,1.86,19.7,0,1.33,16.3
2021-03-10,42,0,4.58,20,0,4.64,18.1
2021-03-10,259,0,2.58,20.7,0,2.4,17.7
2021-03-10,54,0,1.7,21.4,0,1.17,16.7
2021-03-10,28,0,3.78,22.5,0,3.64,20.1
2021-03-10,45,0,3.49,20.8,0,3.97,17.7
2021-03-10,46,0,3.76,21.3,0,4.39,19.1
2021-03-10,121,0,2.18,20.1,0,1.62,17.1
2021-03-10,79,0,2.67,21.7,0,2.63,19.1
2021-03-11,205,0,4.38,17.2,0,3.29,16.4
2021-03-11,44,0,2.32,17.7,0,2.31,16.7
2021-03-11,67,0,5.07,17.2,0,4.55,15.6
2021-03-11,78,0,1.41,16.9,0,1.05,15.4
2021-03-11,186,0,2.88,17.5,0,3.11,16.9
2021-03-11,42,0,6.28,15.9,0,6.14,15
2021-03-11,259,0,3.08,17.4,0,3.29,16.4
2021-03-11,54,0,3.48,17.9,0,3.66,16.6
2021-03-11,28,0,4.96,16.3,0,3.81,14.6
2021-03-11,45,0,4.11,18.5,0,4.12,17.4
2021-03-11,46,0,4.76,19.3,0,5,18.7
2021-03-11,121,0,2.88,17.1,0,3.38,15.4
2021-03-11,79,0,2.59,17.8,0,2.57,16
2021-03-12,205,4,7.42,12.5,3.6,9.35,11.4
2021-03-12,44,2.2,5.14,16.4,2,6,15.4
2021-03-12,67,13.3,8.53,13.5,10.2,9.91,12.6
2021-03-12,78,7.9,3.26,15.9,6.3,4.16,15.4
2021-03-12,186,7.5,4.59,15.2,4.9,5.54,13.9
2021-03-12,42,7.4,6.34,12.5,7.2,8.27,11.4
2021-03-12,259,4.1,3.82,14.9,4.1,4.43,13.7
2021-03-12,54,1,6.37,17.3,0.9,7.97,16.3
2021-03-12,28,1.2,9.46,10.7,1.2,9.13,9.5
2021-03-12,45,6,6.67,15.1,3.9,7.95,14
2021-03-12,46,1.7,10.2,16.9,1.7,12.4,16.6
2021-03-12,121,5.8,4.5,16,5.8,5.16,15.1
2021-03-12,79,3.4,5.17,15.4,3.1,7.06,14.5
2021-03-13,205,0,2.72,12.1,0,2.32,10.1
2021-03-13,44,0,1.8,13.9,0,1.43,11.3
2021-03-13,67,0,2.19,12.8,0,1.82,11.5
2021-03-13,78,0,1.24,13.5,0,0.83,10.8
2021-03-13,186,0,1.29,13.6,0,1.1,10.5
2021-03-13,42,0,2.67,12.4,0,2.59,11.1
2021-03-13,259,0,2.04,12.5,0,2.23,9.83
2021-03-13,54,0,2.25,14.8,0,1.26,11.5
2021-03-13,28,0,2.47,10.7,0,1.67,7.69
2021-03-13,45,0,2.39,14.3,0,1.86,12.7
2021-03-13,46,0,3.88,15.7,0,3.19,14.4
2021-03-13,121,0,2.24,13.4,0,1.66,10.5
2021-03-13,79,0,1.69,13.8,0,1.59,11.2
2021-03-14,205,0,2.01,13.1,0,1.27,11.3
2021-03-14,44,0,2.05,13.7,0,0.844,11.8
2021-03-14,67,0,1.53,13.8,0,1.23,12.4
2021-03-14,78,0,1.35,13.1,0,0.613,10.1
2021-03-14,186,0,1.53,13.4,0,0.967,10.3
2021-03-14,42,0,3.13,12.8,0,2.26,11.9
2021-03-14,259,0,2.2,12.6,0,2.18,9.54
2021-03-14,54,0,2.15,14.2,0,1.29,10.9
2021-03-14,28,0,2.04,12.7,0,1.53,9.71
2021-03-14,45,0,1.98,14.6,0,1.04,13.2
2021-03-14,46,0,3.83,15,0,2.11,13.3
2021-03-14,121,0,2.48,13.1,0,1.65,9.91
2021-03-14,79,0,1.85,13.3,0,1.75,10.3
2021-03-15,205,0,3.36,15.3,0,3.02,13.6
2021-03-15,44,0,2.4,16.3,0,1.67,14.9
2021-03-15,67,0,2.95,14.8,0,2.79,13.1
2021-03-15,78,0,1.92,16.4,0,1.3,14.7
2021-03-15,186,0,2,16.6,0,1.6,14.4
2021-03-15,42,0,3.38,15.1,0,4,13.8
2021-03-15,259,0,1.77,14.6,0,1.5,12
2021-03-15,54,0,2.28,16.5,0,1.64,14.1
2021-03-15,28,0,3.11,15.1,0,2.64,13.2
2021-03-15,45,0,2.27,15.7,0,1.72,14.5
2021-03-15,121,0,2.34,15.1,0,1.73,12.4
2021-03-15,79,0,1.82,14.5,0,1.68,11.8
2021-03-15,46,0,3.18,16.6,0,1.81,15.4
2021-03-16,205,0,4.11,14.4,0,3.58,13
2021-03-16,44,0,1.58,15.7,0,0.784,13.1
2021-03-16,67,0.1,3.15,14.8,0.1,2.31,13.4
2021-03-16,78,0,1.48,15.7,0,0.567,13
2021-03-16,186,0,1.86,15.9,0,1.14,13.5
2021-03-16,42,0,3.15,14.5,0,2.34,13.6
2021-03-16,259,0,2.05,14.3,0,2.21,11.2
2021-03-16,54,0,1.96,16.5,0,1.02,13.2
2021-03-16,28,0,3.1,13.4,0,1.94,11.7
2021-03-16,45,0,2.06,16,0,1.26,14.5
2021-03-16,46,0,2.73,16.8,0,1.4,15.2
2021-03-16,121,0,2.12,15,0,1.33,11.6
2021-03-16,79,0,1.5,15.4,0,1.09,12.4
2021-03-17,205,0,2.97,13.6,0,1.45,11.8
2021-03-17,44,0,2.18,15,0,1.74,12.8
2021-03-17,67,0,3.18,14.4,0,1.65,13.3
2021-03-17,78,0,1.49,15.3,0,0.938,12.4
2021-03-17,186,0,2.07,14.7,0,0.975,11.7
2021-03-17,42,0,3.69,13,0,2.81,11.8
2021-03-17,259,0,2.44,14.2,0,2.49,11.2
2021-03-17,54,0,2.54,16.1,0,1.4,13.1
2021-03-17,28,0,3.5,11.8,0,2.08,9.34
2021-03-17,45,0,3.02,15.2,0,2,13.9
2021-03-17,121,0,2.18,14.7,0,1.76,11.7
2021-03-17,79,0,2.35,15,0,1.81,12
2021-03-17,46,0,4.31,16.2,0,3.13,14.5
2021-03-18,205,0,4.94,13,0,4.26,11.9
2021-03-18,44,0.1,2.36,16.4,0.1,2.15,15.4
2021-03-18,67,0.1,4.13,13.6,0.1,3.07,12.5
2021-03-18,78,0.2,1.87,16.4,0.2,1.42,15.7
2021-03-18,186,0.9,2.19,14.9,0.9,1.27,12.8
2021-03-18,42,0.2,4.82,12.9,0.2,4.59,12.1
2021-03-18,259,0.2,2.31,13.2,0.2,1.82,11.6
2021-03-18,54,0.1,2.99,16.2,0.1,2.46,13.9
2021-03-18,28,0,4.21,10.9,0,2.75,9.43
2021-03-18,45,0,3.86,15.7,0,3.61,14.9
2021-03-18,46,0,5.56,17.3,0,5.85,17
2021-03-18,121,0,2.67,14.1,0,2.77,12.2
2021-03-18,79,0.1,2.77,14,0.1,2.95,11.9
2021-03-19,205,0,3.45,13.6,0,2.94,12.3
2021-03-19,44,0,1.87,15.3,0,1.19,13.7
2021-03-19,67,0,2.42,14,0,1.82,12.8
2021-03-19,78,0,1.66,15.5,0,0.859,14.2
2021-03-19,186,0,1.23,14.6,0,0.611,12.4
2021-03-19,42,0,2.43,13.5,0,2.05,12.6
2021-03-19,259,0,2.54,12.8,0,2.66,10.1
2021-03-19,54,0,1.9,15.1,0,1.24,12.3
2021-03-19,28,0,2.93,10.9,0,2.58,7.73
2021-03-19,45,0,2.07,15.2,0,1.3,13.7
2021-03-19,46,0,3.57,16.7,0,3.1,16
2021-03-19,121,0,2.3,13.5,0,1.7,10.7
2021-03-19,79,0,1.83,13.5,0,1.69,10.5
2021-03-20,205,0,2.7,15.3,0,3.23,12.2
2021-03-20,44,0,1.87,15.4,0,0.944,12.3
2021-03-20,67,0,3.55,14.8,0,4.3,11.6
2021-03-20,78,0,1.24,15.1,0,1.25,11.9
2021-03-20,186,0,1.75,15.6,0,1.64,11.9
2021-03-20,42,0,3.72,14.2,0,4.39,12.4
2021-03-20,259,0,1.62,15.2,0,1.98,11.1
2021-03-20,54,0,1.84,16.3,0,1.28,12
2021-03-20,28,0,2.37,16.5,0,2.8,13.2
2021-03-20,45,0,2.51,16.4,0,2.74,13.2
2021-03-20,46,0,5.03,16,0,3.28,14.3
2021-03-20,121,0,1.66,15.3,0,1.28,10.7
2021-03-20,79,0,1.82,15.4,0,1.64,11.3
2021-03-21,205,0,1.92,20.2,0,2.52,17.3
2021-03-22,205,1.1,3.84,21.1,0.2,4.33,20.5
2021-03-21,44,0,1.18,16.7,0,0.79,12.9
2021-03-22,44,0,2.82,22.9,0,3.87,24
2021-03-21,67,0,2.95,19.2,0,3.75,16
2021-03-22,67,0,3.32,21.4,0,3.71,20.6
2021-03-21,78,0,1.09,17.1,0,0.854,12.9
2021-03-22,78,0.1,2.29,20.9,0,2.93,20.4
2021-03-21,186,0,1.59,18.5,0,1.76,13.5
2021-03-22,186,0.5,1.52,19.6,0,1.4,18.6
2021-03-21,42,0,2.53,20.4,0,2.67,19
2021-03-22,42,0,4.97,23.1,0,5.63,24
2021-03-21,259,0,1.87,19.1,0,1.9,15.1
2021-03-22,259,0,2.32,23.9,0,3.1,23.8
2021-03-21,54,0,1.22,19.4,0,0.841,14.1
2021-03-22,54,0,2.22,24.2,0,2.31,23.4
2021-03-21,28,0,2.34,21.6,0,2.43,18.7
2021-03-22,28,0,4.31,24.1,0,2.41,23.7
2021-03-21,45,0,1.81,20.5,0,2.19,17.8
2021-03-22,45,0,2.74,22.9,0,2.75,22.7
2021-03-21,46,0,2.59,17.6,0,1.72,15.9
2021-03-22,46,0,3.53,23.4,0,4.03,23.9
2021-03-21,121,0,1.33,18.8,0,1.09,14
2021-03-22,121,0,2.39,24.1,0,2.68,23.3
2021-03-21,79,0,1.42,19.3,0,1.17,14.8
2021-03-22,79,0,3.28,25.9,0,3.94,25.5
2021-03-23,205,0.5,6.27,21.2,0.3,7.19,20.2
2021-03-24,205,5.1,7.02,12.9,2.3,5.91,12.3
2021-03-23,44,0,4.72,25.3,0,5.73,25.2
2021-03-24,44,3.2,3.62,16.9,1.2,3.41,16
2021-03-23,67,0.1,5.17,21.6,0,6.02,20.3
2021-03-24,67,3.8,8.37,14.5,3.5,6.83,13.7
2021-03-23,78,0.2,3.16,23.5,0.1,2.83,22.9
2021-03-24,78,6.5,2.78,16.6,3.2,2.57,15.9
2021-03-23,186,0.3,2.88,22.5,0,2.78,21.2
2021-03-24,186,4.3,5.5,16.1,2,4.81,15.1
2021-03-23,42,0,7.37,22.7,0,6.73,22.3
2021-03-24,42,4.3,8.12,12.8,1.3,6.88,12.3
2021-03-23,259,0,4.05,25.3,0,5.31,25.6
2021-03-24,259,0.1,3.61,16.3,0.1,2.97,15
2021-03-23,54,0,3.5,25.9,0,2.91,25.3
2021-03-24,54,0.1,6.14,18,0.1,5,17.1
2021-03-23,28,0,6.64,23.1,0,7.08,22.2
2021-03-24,28,0,7.41,12.9,0,5.04,11.7
2021-03-23,45,0,4.37,23.4,0,5.48,22
2021-03-24,45,1.1,7.09,16,1,6.29,15.3
2021-03-23,46,0,5.64,24.4,0,5.32,23.9
2021-03-24,46,2.2,9.2,17.6,2.1,8.69,17.5
2021-03-23,121,0,3.31,25.6,0,3.62,25.7
2021-03-24,121,0.2,4.08,17,0.1,3.51,15.7
2021-03-23,79,0,3.54,26.4,0,3.68,27.1
2021-03-24,79,0,5.18,16.8,0,4.22,15.4
2021-03-25,205,3.1,5.55,10.9,0,5.63,10.2
2021-03-25,44,1.9,3.17,15.2,0,3.41,14.8
2021-03-25,67,1.6,5.05,12,0.3,4.46,11
2021-03-25,78,3.2,2.31,14.9,0.2,2.36,14.7
2021-03-25,186,3.9,3.07,13.3,0.1,2.74,12.3
2021-03-25,42,1.8,5.72,11.1,0,5.35,10.8
2021-03-25,259,3.4,2.32,13.2,3.4,2.21,11.3
2021-03-25,54,0.6,3.91,16,0,3.05,15.2
2021-03-25,28,1,4.36,9.86,0.5,2.61,7.62
2021-03-25,45,2.2,4.64,14.1,0,4.44,13.6
2021-03-25,46,0.9,6.75,15.8,0,6.95,15.8
2021-03-25,121,2.4,2.77,14.6,2.4,2.25,12.6
2021-03-25,79,1,2.8,14.2,1,2.29,11.7
2021-03-26,205,5.9,3.49,9.81,1.7,1.8,9.24
2021-03-26,44,1.1,3.22,13.4,0.3,1.99,12.6
2021-03-26,67,2.4,3.7,11.2,1.7,1.96,10.8
2021-03-26,78,13.2,1.89,12.6,11.4,1,11.3
2021-03-26,186,2.5,1.95,12,0.8,0.992,10.9
2021-03-26,42,6.6,2.91,10.4,5.8,2.28,9.96
2021-03-26,259,12.2,2.14,10,2.6,2.09,9.07
2021-03-26,54,10.2,2.72,13.5,10,1.8,11.6
2021-03-26,28,1.2,4.29,8.11,0.1,2.69,7.43
2021-03-26,45,3.5,3.03,12.4,2.3,1.84,11.7
2021-03-26,46,1.1,5.46,14.4,0.7,3.81,13.9
2021-03-26,121,7.6,2.78,11.5,0.8,2.22,10.1
2021-03-26,79,8.3,2.41,11.2,4.6,2.58,9.76
2021-03-27,205,0,4.86,10.1,0,4.54,8.78
2021-03-27,44,0,3.85,14.3,0,3.76,13.1
2021-03-27,67,0,3.92,10.9,0,3.01,9.65
2021-03-27,78,0,2.43,13.8,0,2.19,12.5
2021-03-27,186,0,2.13,12,0,1.3,9.24
2021-03-27,42,0,3.62,10.7,0,3.19,9.88
2021-03-27,259,0.8,2.32,11,0.3,2.41,8.97
2021-03-27,54,0.2,2.8,13.9,0.1,2,11.6
2021-03-27,28,0.3,4.24,7.68,0.3,2.68,5.58
2021-03-27,45,0,3.87,13.1,0,3.64,12
2021-03-27,46,0,6.3,15,0,6.65,14.6
2021-03-27,121,2.6,2.74,12.3,1,2.14,9.87
2021-03-27,79,0.2,2.06,12.4,0.2,1.93,9.81
2021-03-28,259,0,2.23,12.1,0,1.94,10.3
2021-03-28,46,0,3.61,14.3,0,2.23,12.8
2021-03-28,44,0,2.38,12.9,0,1.27,10.4
2021-03-28,45,0,2.09,13.3,0,1.41,11.7
2021-03-28,186,0,1.82,12.2,0,1.19,9.02
2021-03-28,78,0,1.52,12,0,0.713,9.2
2021-03-28,42,0,2.37,11.4,0,1.98,10.3
2021-03-28,121,0,2.56,13,0,1.77,11.3
2021-03-28,79,0,2.07,11.6,0,1.97,9.03
2021-03-28,205,0,2.77,11,0,1.79,9.09
2021-03-28,67,0,2.19,12,0,1.95,10.5
2021-03-28,28,0,3.58,8.79,0,3.09,6.71
2021-03-28,54,0,2.27,15.1,0,1.4,13.4
2021-03-29,205,0,2.93,12.3,0,2.39,10
2021-03-29,44,0,3.37,13.1,0,1.8,10.6
2021-03-29,67,0,2.94,12.5,0,2.59,10.9
2021-03-29,78,0,2.07,12.4,0,1.1,9.29
2021-03-29,186,0,2.11,12.7,0,0.752,9.54
2021-03-29,42,0,4.87,11.4,0,4.71,10.4
2021-03-29,259,0,2.71,11.6,0,2.24,8.46
2021-03-29,54,0,3.19,13.6,0,1.8,10.4
2021-03-29,28,0,3.78,10.1,0,3.03,7.04
2021-03-29,45,0,3.2,13.5,0,2.35,11.9
2021-03-29,46,0,5.67,14.2,0,2.71,12.4
2021-03-29,121,0,3.86,12.7,0,2.53,9.12
2021-03-29,79,0,2.79,12.5,0,2.6,9.72
